case,blood_clotting,prognostic_index,enzyme_test,liver_test,survival_time,ln_survival
1,6.7,62,81,2.59,695,6.544
2,5.1,59,66,1.7,403,5.999
3,7.4,57,83,2.16,710,6.565
4,6.5,73,41,2.01,349,5.854
5,7.8,65,115,4.3,2343,7.759
6,5.8,38,72,1.42,348,5.852
7,5.7,46,63,1.91,518,6.25
8,3.7,68,81,2.57,749,6.619
9,6.0,67,93,2.5,1056,6.962
10,3.7,76,94,2.4,968,6.875
11,6.3,84,83,4.13,745,6.613
12,6.7,51,43,1.86,257,5.549
13,5.8,96,114,3.95,1573,7.361
14,5.8,83,88,3.95,858,6.754
15,7.7,62,67,3.4,702,6.554
16,7.4,74,68,2.4,809,6.695
17,6.0,85,28,2.98,682,6.526
18,3.7,51,41,1.55,205,5.321
19,7.3,68,74,3.56,550,6.309
20,5.6,57,87,3.02,838,6.731
21,5.2,52,76,2.85,359,5.883
22,3.4,83,53,1.12,353,5.866
23,6.7,26,68,2.1,599,6.395
24,5.8,67,86,3.4,562,6.332
25,6.3,59,100,2.95,651,6.478
26,5.8,61,73,3.5,751,6.621
27,5.2,52,86,2.45,545,6.302
28,11.2,76,90,5.59,1965,7.583
29,5.2,54,56,2.71,477,6.167
30,5.8,76,59,2.58,600,6.396
31,3.2,64,65,0.74,443,6.094
32,8.7,45,23,2.52,181,5.198
33,5.0,59,73,3.5,411,6.019
34,5.8,72,93,3.3,1037,6.944
35,5.4,58,70,2.64,482,6.179
36,5.3,51,99,2.6,634,6.453
37,2.6,74,86,2.05,678,6.519
38,4.3,8,119,2.85,362,5.893
39,4.8,61,76,2.45,637,6.457
40,5.4,52,88,1.81,705,6.558
41,5.2,49,72,1.84,536,6.283
42,3.6,28,99,1.3,582,6.366
43,8.8,86,88,6.4,1270,7.147
44,6.5,56,77,2.85,538,6.288
45,3.4,77,93,1.48,482,6.178
46,6.5,40,84,3.0,611,6.416
47,4.5,73,106,3.05,960,6.867
48,4.8,86,101,4.1,1300,7.17
49,5.1,67,77,2.86,581,6.365
50,3.9,82,103,4.55,1078,6.983
51,6.6,77,46,1.95,405,6.005
52,6.4,85,40,1.21,579,6.361
53,6.4,59,85,2.33,550,6.31
54,8.8,78,72,3.2,651,6.478
